"0","library(tidyverse)
"
"2","Registered S3 methods overwritten by 'dbplyr':
  method         from
  print.tbl_lazy     
  print.tbl_sql      
"
"2","[37m-- [1mAttaching packages[22m ------------------------------------------------------------------------------------------------------- tidyverse 1.3.1 --[39m
"
"2","[37m[32mv[37m [34mggplot2[37m 3.3.5     [32mv[37m [34mpurrr  [37m 0.3.4
[32mv[37m [34mtibble [37m 3.1.6     [32mv[37m [34mdplyr  [37m 1.0.7
[32mv[37m [34mtidyr  [37m 1.1.4     [32mv[37m [34mstringr[37m 1.4.0
[32mv[37m [34mreadr  [37m 2.1.0     [32mv[37m [34mforcats[37m 0.5.1[39m
"
"2","[37m-- [1mConflicts[22m ---------------------------------------------------------------------------------------------------------- tidyverse_conflicts() --
[31mx[37m [34mreadr[37m::[32medition_get()[37m   masks [34mtestthat[37m::edition_get()
[31mx[37m [34mdplyr[37m::[32mfilter()[37m        masks [34mstats[37m::filter()
[31mx[37m [34mpurrr[37m::[32mis_null()[37m       masks [34mtestthat[37m::is_null()
[31mx[37m [34mdplyr[37m::[32mlag()[37m           masks [34mstats[37m::lag()
[31mx[37m [34mreadr[37m::[32mlocal_edition()[37m masks [34mtestthat[37m::local_edition()
[31mx[37m [34mdplyr[37m::[32mmatches()[37m       masks [34mtidyr[37m::matches(), [34mtestthat[37m::matches()[39m
"
"0","library(tidyverse)"
"0","library(here)"
"2","here() starts at E:/CodeClan/codeclan_homework_kanghlee/dirty_data_codeclan_project_kanghinlee/task_01
"
"0","library(testthat)"
