"0","```r
library(tidyverse)

```"
"1","Registered S3 methods overwritten by 'dbplyr':
  method         from
  print.tbl_lazy     
  print.tbl_sql      
-- Attaching packages ------------------------------------------------------------------------------------------------------- tidyverse 1.3.1 --
v ggplot2 3.3.5     v purrr   0.3.4
v tibble  3.1.6     v dplyr   1.0.7
v tidyr   1.1.4     v stringr 1.4.0
v readr   2.1.0     v forcats 0.5.1
-- Conflicts ---------------------------------------------------------------------------------------------------------- tidyverse_conflicts() --
x readr::edition_get()   masks testthat::edition_get()
x dplyr::filter()        masks stats::filter()
x purrr::is_null()       masks testthat::is_null()
x dplyr::lag()           masks stats::lag()
x readr::local_edition() masks testthat::local_edition()
x dplyr::matches()       masks tidyr::matches(), testthat::matches()
"
"0","```r
library(tidyverse)
library(here)
```"
"1","here() starts at E:/CodeClan/codeclan_homework_kanghlee/dirty_data_codeclan_project_kanghinlee/task_01
"
"0","```r
library(testthat)
```"
